open,high,low,close,volume
120004.36,120008.32,120000.59,120003.99,925
240003.8,240005.68,240002.85,240004.59,1610
360011.26,360022.79,360007.9,360010.4,987
480024.8,480039.42,480018.51,480025.06,1497
600021.07,600023.58,600006.9,600022.13,1609
720021.23,720039.33,720009.17,720019.89,1515
840035.77,840037.44,840026.15,840038.45,1249
960042.89,960054.9,960038.21,960044.08,1322
1080038.76,1080053.56,1080020.75,1080040.16,1785
1200044.62,1200062.23,1200036.87,1200044.02,1457
1320039.57,1320054.45,1320038.43,1320039.39,1396
1440033.31,1440051.55,1440023.17,1440036.6,899
1560038.83,1560044.72,1560035.66,1560036.58,1415
1680020.08,1680035.1,1680011.9,1680018.39,1747
1800002.2,1800003.15,1799991.4,1800001.59,1355
1919994.79,1920013.83,1919978.44,1919996.04,1077
2039985.6,2039996.75,2039975.93,2039985.62,1290
2159988.94,2160005.29,2159974.9,2159989.34,1054
2279980.46,2279988.91,2279960.01,2279980.56,1180
2399966.41,2399978.61,2399963.11,2399966.47,1691
2519979.66,2519990.92,2519974.9,2519979.41,1341
2639978.22,2639992.77,2639970.25,2639977.85,1624
2759979.27,2759980.45,2759970.38,2759980.01,1678
2879966.02,2879965.77,2879956.35,2879965.46,1938
2999959.83,2999964.07,2999940.97,2999957.75,1080
3119961.02,3119963.42,3119945.95,3119960.58,1572
3239948.81,3239966.16,3239936.56,3239946.74,1642
3359953.89,3359956.86,3359946.29,3359952.53,1518
3479946.88,3479965.99,3479930.0,3479948.37,1127
3599942.69,3599950.29,3599924.45,3599942.61,1010
3719938.94,3719941.18,3719921.11,3719936.7,1526
3839956.76,3839971.86,3839956.03,3839956.83,1722
3959955.48,3959969.1,3959943.2,3959954.38,1351
4079944.87,4079955.31,4079944.33,4079944.72,825
4199953.87,4199964.68,4199948.42,4199954.17,826
4319941.83,4319955.75,4319940.18,4319940.73,1501
4439943.65,4439948.02,4439931.38,4439943.22,1906
4559924.17,4559943.79,4559910.13,4559924.6,1481
4679912.28,4679930.07,4679908.29,4679911.0,1212
4799913.62,4799925.55,4799904.87,4799912.81,966
4919920.12,4919923.92,4919910.81,4919919.59,968
5039922.58,5039935.25,5039914.26,5039922.01,1028
5159919.45,5159921.93,5159918.07,5159920.36,1166
5279917.87,5279918.09,5279909.1,5279917.93,1327
5399904.5,5399907.84,5399887.67,5399902.19,1590
5519895.27,5519904.74,5519894.07,5519895.31,1323
5639890.04,5639908.25,5639889.28,5639889.9,1895
5759900.81,5759916.0,5759894.36,5759901.42,905
5879903.8,5879919.75,5879886.06,5879904.08,1531
5999886.48,5999895.77,5999873.89,5999886.15,1764
6119890.13,6119897.42,6119876.93,6119890.76,932
6239885.25,6239894.07,6239879.41,6239886.87,1333
6359879.9,6359899.64,6359868.01,6359880.67,1774
6479886.9,6479886.8,6479885.8,6479885.57,1068
6599895.4,6599913.65,6599883.59,6599896.72,1472
6719907.14,6719917.2,6719887.36,6719906.17,1590
6839897.74,6839906.0,6839884.98,6839897.68,817
6959895.17,6959908.64,6959876.67,6959893.31,916
7079896.79,7079907.19,7079882.97,7079897.6,1597
7199908.06,7199924.68,7199904.8,7199907.57,1967
7319901.32,7319920.43,7319884.37,7319902.42,1350
7439901.45,7439908.99,7439899.23,7439898.47,1728
7559889.67,7559895.03,7559878.82,7559889.66,1552
7679878.09,7679889.38,7679874.69,7679879.75,1221
7799884.48,7799903.91,7799885.42,7799885.3,1445
7919898.33,7919903.43,7919890.78,7919898.49,1357
8039899.1,8039910.96,8039892.6,8039898.87,849
8159907.59,8159921.17,8159898.82,8159908.85,1477
8279912.62,8279926.81,8279900.61,8279913.35,905
8399904.33,8399908.33,8399904.83,8399904.44,1457
8519910.16,8519923.63,8519906.86,8519910.05,1895
8639923.46,8639942.88,8639913.52,8639925.29,1787
8759924.89,8759927.93,8759917.47,8759924.2,1641
8879940.61,8879944.73,8879925.4,8879940.32,1245
8999913.09,8999933.21,8999900.74,8999914.82,869
9119922.59,9119925.63,9119905.09,9119922.88,949
9239923.14,9239939.96,9239909.03,9239921.73,1573
9359919.35,9359929.73,9359911.29,9359920.71,1922
9479919.8,9479925.75,9479907.34,9479920.74,1743
9599898.97,9599918.34,9599895.42,9599901.0,1254
9719899.08,9719907.64,9719892.6,9719898.8,1927
9839900.74,9839912.6,9839886.52,9839902.15,1745
9959917.18,9959924.27,9959908.15,9959918.27,1400
10079911.64,10079923.76,10079895.93,10079911.81,1452
10199904.49,10199907.08,10199887.37,10199902.69,1524
10319898.49,10319906.62,10319881.64,10319898.4,1032
10439907.62,10439927.34,10439889.62,10439908.13,1050
10559911.97,10559916.4,10559902.62,10559912.47,878
10679906.28,10679919.07,10679899.56,10679906.54,1875
10799911.39,10799917.58,10799899.43,10799910.22,1697
10919912.51,10919927.51,10919904.62,10919914.53,1720
11039920.19,11039924.35,11039909.71,11039921.99,1580
11159915.47,11159934.11,11159900.6,11159915.98,1025
11279912.05,11279920.51,11279897.66,11279911.28,1874
11399906.49,11399912.23,11399900.02,11399908.04,1857
11519892.63,11519894.35,11519889.54,11519893.72,1602
11639895.8,11639899.23,11639887.23,11639897.06,1541
11759898.31,11759908.84,11759895.6,11759899.51,930
11879898.83,11879905.24,11879880.7,11879899.37,1822
11999897.58,11999912.73,11999889.24,11999895.84,1431
12119883.08,12119890.62,12119878.91,12119881.43,1637
12239876.48,12239882.77,12239877.28,12239878.13,1558
12359874.99,12359886.71,12359861.45,12359875.3,1503
12479867.67,12479880.48,12479853.61,12479866.12,1296
12599865.12,12599868.07,12599857.92,12599865.8,1122
12719869.86,12719872.12,12719867.34,12719870.22,1414
12839889.65,12839888.37,12839879.44,12839886.72,1128
12959890.4,12959904.11,12959883.15,12959888.54,932
13079892.2,13079905.23,13079878.41,13079891.81,1634
13199892.25,13199900.7,13199879.09,13199891.52,1450
13319872.17,13319888.91,13319864.73,13319871.5,920
13439871.78,13439887.87,13439867.4,13439873.11,1405
13559872.01,13559884.07,13559852.6,13559872.78,1764
13679898.56,13679914.36,13679887.91,13679897.03,928
13799894.25,13799899.18,13799881.3,13799893.63,1914
13919899.62,13919900.32,13919895.27,13919896.77,828
14039898.24,14039903.13,14039888.02,14039898.02,1521
14159884.65,14159887.19,14159885.5,14159883.92,1132
14279897.85,14279908.1,14279887.37,14279898.49,1953
14399902.9,14399923.73,14399885.72,14399904.84,1996
14519913.53,14519913.69,14519905.22,14519916.15,1743
14639904.7,14639906.26,14639903.03,14639906.12,1847
14759917.25,14759926.89,14759917.22,14759917.66,1922
14879903.95,14879922.5,14879896.06,14879903.72,1155
14999911.65,14999916.01,14999906.49,14999910.69,938
15119931.09,15119941.74,15119931.13,15119933.3,1997
15239920.63,15239922.52,15239906.57,15239920.05,828
15359917.51,15359918.99,15359906.86,15359914.24,1730
15479918.99,15479936.76,15479911.24,15479916.4,1295
15599911.99,15599931.29,15599893.99,15599912.57,1813
15719897.49,15719896.58,15719894.16,15719896.98,1454
15839898.51,15839916.2,15839878.05,15839898.24,1627
15959885.8,15959899.33,15959880.27,15959885.35,1150
16079890.8,16079908.64,16079873.51,16079888.97,1353
16199883.32,16199891.18,16199870.03,16199882.95,1098
16319899.27,16319907.9,16319881.05,16319896.76,863
16439890.32,16439899.53,16439870.07,16439887.74,1554
16559885.65,16559899.87,16559880.77,16559886.68,1569
16679896.66,16679897.46,16679875.45,16679895.46,1633
16799881.83,16799882.96,16799874.57,16799882.24,965
16919884.3,16919890.79,16919876.92,16919884.18,1305
17039898.05,17039911.8,17039890.9,17039897.55,1592
17159883.19,17159885.67,17159870.8,17159881.26,1632
17279884.33,17279896.95,17279880.39,17279882.13,1657
17399886.49,17399905.47,17399875.0,17399885.36,1605
17519894.36,17519895.77,17519883.06,17519894.42,1972
17639881.57,17639894.98,17639866.29,17639881.85,1560
17759868.88,17759877.2,17759851.65,17759868.49,1632
17879871.01,17879890.9,17879864.73,17879872.54,1082
17999876.21,17999880.05,17999870.46,17999876.33,1178
18119879.26,18119892.87,18119873.83,18119876.84,997
18239881.33,18239899.24,18239878.59,18239882.66,1814
18359876.07,18359894.57,18359874.53,18359877.11,1823
18479877.8,18479891.67,18479871.15,18479876.53,1355
18599882.69,18599890.88,18599875.53,18599880.35,1155
18719875.36,18719886.15,18719854.46,18719874.12,1840
18839891.98,18839909.82,18839881.29,18839893.7,1438
18959897.03,18959908.6,18959890.24,18959896.74,1178
19079885.2,19079885.88,19079873.66,19079884.58,1479
19199891.39,19199910.46,19199889.05,19199889.87,1305
19319882.29,19319895.88,19319873.21,19319882.19,1698
19439889.2,19439903.49,19439877.44,19439892.0,875
19559900.42,19559905.86,19559891.77,19559901.82,1030
19679893.96,19679906.52,19679885.3,19679893.32,1761
19799903.6,19799910.85,19799883.1,19799903.3,1101
19919906.3,19919920.13,19919889.5,19919907.09,1525
20039916.22,20039917.45,20039902.85,20039914.51,1014
20159933.66,20159947.45,20159922.9,20159935.11,1981
20279932.09,20279951.82,20279919.42,20279932.06,868
20399925.12,20399925.26,20399920.27,20399924.32,1192
20519915.37,20519934.95,20519907.5,20519914.43,1908
20639907.7,20639915.38,20639906.46,20639908.55,1066
20759905.96,20759923.89,20759896.96,20759907.14,1892
20879909.69,20879925.53,20879899.03,20879909.33,1410
20999912.45,20999923.99,20999908.1,20999913.66,1808
21119920.18,21119935.69,21119901.64,21119920.43,1761
21239920.88,21239938.63,21239902.87,21239920.27,1527
21359934.04,21359943.67,21359921.15,21359934.83,1472
21479932.45,21479939.48,21479922.28,21479931.17,1222
21599959.86,21599973.5,21599942.75,21599960.62,1997
21719966.15,21719982.56,21719963.79,21719964.57,914
21839957.59,21839973.08,21839942.02,21839956.6,1019
21959947.06,21959963.08,21959944.63,21959945.05,830
22079952.43,22079960.66,22079936.06,22079951.86,1953
22199950.59,22199966.07,22199944.2,22199949.56,1416
22319956.2,22319959.26,22319939.31,22319956.53,1338
22439960.38,22439972.47,22439942.7,22439960.54,1538
22559959.81,22559960.97,22559957.88,22559959.68,1825
22679951.9,22679958.88,22679943.13,22679952.85,1670
22799936.89,22799944.57,22799917.62,22799936.69,900
22919932.0,22919940.7,22919923.11,22919933.09,1881
23039940.04,23039955.25,23039924.07,23039940.45,1491
23159943.02,23159951.25,23159931.7,23159943.66,1740
23279931.2,23279940.0,23279923.52,23279932.33,1140
23399933.35,23399937.5,23399927.04,23399933.34,1660
23519936.05,23519944.07,23519932.54,23519936.19,1843
23639927.36,23639932.31,23639912.53,23639928.03,837
23759928.38,23759930.77,23759921.57,23759929.07,1459
23879929.86,23879941.96,23879919.66,23879929.9,1727
23999917.61,23999931.82,23999908.61,23999918.13,1849
24119922.61,24119934.43,24119910.49,24119921.87,1253
24239925.86,24239936.91,24239910.33,24239927.86,1536
24359938.11,24359946.07,24359918.86,24359937.48,1618
24479949.31,24479966.28,24479940.86,24479948.0,1572
24599935.42,24599945.62,24599918.69,24599933.85,812
24719928.55,24719935.44,24719910.57,24719924.26,1714
24839931.36,24839931.52,24839919.54,24839929.79,1720
24959935.14,24959942.97,24959917.02,24959936.31,1624
25079941.2,25079948.9,25079937.29,25079940.4,1170
25199978.05,25199987.8,25199977.64,25199980.34,1131
25319985.45,25319997.14,25319968.45,25319985.57,1060
25439996.05,25440007.56,25439988.1,25439994.92,1496
25560007.34,25560018.59,25559989.49,25560007.08,1486
25680012.39,25680028.24,25679995.08,25680013.75,1749
25800009.67,25800026.05,25800008.54,25800008.8,1186
25920016.74,25920031.74,25919999.71,25920017.8,1620
26040011.39,26040028.76,26040000.68,26040008.79,1267
26160006.96,26160007.65,26159997.07,26160007.38,868
26280004.26,26280006.34,26279989.9,26280001.16,1927
26400004.06,26400003.4,26399984.72,26400001.45,1984
26520026.88,26520039.34,26520026.01,26520026.01,999
26640008.09,26640025.68,26639998.18,26640007.6,1015
26760014.98,26760019.45,26760000.83,26760014.19,1011
26879996.53,26880017.0,26879984.0,26879997.27,1307
26999993.46,26999994.94,26999979.89,26999993.34,815
27120005.47,27120023.32,27120001.94,27120004.9,1683
27240005.22,27240012.3,27239999.28,27240005.23,1131
27359993.09,27359996.52,27359987.32,27359994.67,1516
27479987.29,27479997.06,27479971.25,27479986.67,1350
27599995.84,27599999.27,27599988.56,27599995.31,1741
27719988.08,27719992.53,27719982.62,27719985.66,1055
27839988.93,27839995.14,27839969.85,27839989.48,1791
27959990.4,27960005.51,27959989.27,27959990.63,1527
28079982.57,28079993.72,28079962.98,28079983.42,1679
28200002.67,28200010.6,28199990.84,28200004.17,1614
28320009.79,28320022.92,28319994.15,28320010.19,1995
28439992.03,28440004.79,28439984.57,28439991.5,1448
28559992.05,28559997.78,28559992.04,28559990.9,1799
28679985.47,28679993.98,28679970.95,28679984.74,1270
28799993.93,28799996.67,28799977.55,28799993.84,1489
28919988.21,28919989.93,28919971.5,28919987.55,1499
29039986.79,29039998.78,29039982.3,29039985.54,1306
29159992.43,29159993.84,29159975.14,29159989.24,1791
29279998.71,29280009.37,29279983.49,29279998.56,1809
29399987.16,29400001.05,29399973.7,29399986.25,1603
29519982.0,29519985.66,29519968.2,29519982.81,1630
29639980.25,29639990.12,29639961.85,29639979.75,1013
29759971.07,29759977.37,29759959.97,29759970.87,968
29879990.11,29880009.15,29879988.12,29879991.5,1777
29999992.85,30000003.61,29999984.19,29999994.77,945
30119980.75,30119997.45,30119979.78,30119982.42,1315
30239989.68,30240001.52,30239982.36,30239990.05,1913
30360011.13,30360012.6,30360003.59,30360011.58,1252
30480021.52,30480034.72,30480020.74,30480020.63,859
30600006.32,30600025.89,30599999.89,30600006.34,1327
30720002.86,30720014.05,30719999.8,30720002.52,1823
30840013.59,30840031.08,30839998.53,30840015.99,1273
30960007.84,30960025.3,30959988.66,30960006.51,1556
31080013.27,31080016.61,31080010.61,31080011.69,1581
31200019.29,31200024.04,31200000.7,31200019.65,1902
31320009.81,31320022.75,31320000.08,31320009.13,1232
31440009.7,31440018.16,31440003.94,31440010.53,1976
31559978.7,31559994.32,31559975.99,31559976.8,1200
31679967.47,31679985.28,31679957.27,31679967.08,856
31799964.22,31799971.82,31799948.86,31799964.3,1802
31919952.76,31919957.01,31919938.13,31919951.49,985
32039967.5,32039984.21,32039967.59,32039968.59,1197
32159954.98,32159959.79,32159952.84,32159954.08,1404
32279950.31,32279966.35,32279941.84,32279949.53,1587
32399950.9,32399959.68,32399945.3,32399950.48,957
32519964.78,32519978.97,32519960.97,32519965.94,1388
32639950.37,32639953.17,32639945.64,32639952.91,1265
32759963.43,32759975.37,32759946.82,32759963.03,1245
32879964.22,32879972.03,32879944.41,32879963.99,1600
32999952.54,32999964.91,32999945.08,32999951.79,1896
33119958.26,33119961.16,33119939.68,33119957.96,1728
33239957.7,33239974.53,33239953.36,33239958.69,816
33359953.2,33359971.04,33359944.26,33359952.31,1530
33479954.45,33479958.82,33479949.96,33479953.75,1125
33599949.72,33599952.55,33599937.82,33599951.82,1794
33719950.83,33719952.24,33719932.19,33719952.72,1412
33839957.72,33839971.23,33839946.32,33839958.63,1345
33959974.54,33959986.39,33959967.09,33959972.72,1395
34079961.68,34079972.8,34079948.91,34079961.67,1720
34199980.96,34199987.84,34199980.74,34199983.5,1641
34319961.56,34319971.5,34319945.91,34319963.86,1143
34439961.56,34439974.05,34439952.1,34439960.32,1658
34559968.5,34559977.98,34559959.06,34559967.15,1244
34679968.11,34679990.61,34679959.14,34679970.79,1021
34799964.13,34799967.36,34799952.13,34799965.16,1391
34919962.02,34919976.45,34919961.11,34919960.35,1830
35039959.01,35039965.7,35039943.96,35039957.45,1817
35159951.34,35159960.29,35159946.88,35159951.87,815
35279960.6,35279974.57,35279945.94,35279961.07,1323
35399963.93,35399977.64,35399947.34,35399964.48,1602
35519954.73,35519976.69,35519940.78,35519957.44,820
35639966.62,35639968.42,35639954.81,35639965.06,1027
35759969.14,35759971.01,35759958.53,35759967.02,1807
35879977.57,35879991.54,35879974.2,35879976.66,1608
35999987.28,35999994.92,35999967.85,35999984.36,1957
36119972.98,36119980.55,36119969.64,36119976.46,1203
36239971.19,36239971.05,36239959.53,36239970.17,1889
36359976.65,36359978.65,36359971.25,36359977.36,1236
36479983.33,36480000.92,36479980.36,36479983.42,1628
36599982.78,36599986.67,36599970.24,36599982.27,1733
36719983.58,36719990.47,36719982.92,36719983.87,1058
36839996.21,36840001.31,36839981.81,36839998.45,902
36959991.19,36959997.96,36959984.51,36959989.92,1792
37079994.82,37079997.72,37079996.33,37079997.95,1568
37199995.06,37200004.69,37199984.09,37199993.99,1924
37319991.72,37319993.49,37319991.2,37319993.46,1612
37440001.99,37440019.13,37439997.6,37440001.72,1025
37560010.93,37560016.05,37559997.24,37560011.96,1742
37680020.77,37680030.31,37680018.26,37680018.78,1262
37800032.03,37800050.17,37800015.78,37800031.15,1036
37920033.14,37920045.8,37920032.7,37920033.0,1849
38040038.87,38040050.26,38040034.66,38040040.61,1944
38160037.25,38160042.98,38160021.68,38160035.65,1305
38280040.42,38280046.4,38280033.41,38280038.24,1613
38400040.28,38400051.83,38400036.4,38400038.34,1566
38520039.23,38520059.29,38520032.2,38520039.32,1433
38640046.03,38640058.59,38640039.95,38640045.91,1790
38760037.27,38760048.33,38760020.32,38760038.12,1417
38880059.39,38880072.71,38880051.83,38880058.04,1072
39000047.32,39000057.34,39000032.26,39000049.89,1031
39120036.64,39120037.1,39120018.06,39120036.12,1567
39240047.28,39240058.72,39240038.8,39240047.13,1295
39360055.33,39360074.55,39360037.2,39360053.78,1847
39480061.73,39480065.14,39480054.09,39480061.37,1932
39600068.17,39600081.72,39600048.64,39600067.58,1301
39720067.68,39720071.82,39720066.01,39720068.76,824
39840059.04,39840069.54,39840045.08,39840059.29,1087
39960061.16,39960061.52,39960049.71,39960058.4,1137
40080053.8,40080061.82,40080045.06,40080052.98,1860
40200063.43,40200077.68,40200049.91,40200063.23,936
40320060.64,40320068.04,40320047.01,40320062.62,1307
40440051.95,40440066.13,40440052.75,40440053.72,1026
40560050.58,40560065.53,40560046.28,40560050.38,1119
40680054.63,40680072.3,40680039.49,40680053.81,1715
40800049.59,40800052.81,40800034.79,40800048.5,885
40920039.29,40920047.88,40920020.57,40920041.14,1725
41040042.1,41040045.38,41040027.11,41040041.0,852
41160043.14,41160064.63,41160025.76,41160044.43,1659
41280039.32,41280058.25,41280025.66,41280038.94,1666
41400036.0,41400045.8,41400029.04,41400035.38,1232
41520036.85,41520054.16,41520035.21,41520038.55,1798
41640023.48,41640033.26,41640007.2,41640022.24,899
41760008.57,41760021.24,41759995.88,41760006.37,1789
41880001.9,41880003.36,41880000.62,41880001.17,1398
41999998.3,42000014.55,41999992.24,42000000.36,1202
42120002.64,42120005.11,42119983.42,42120003.09,1195
42240014.32,42240033.83,42240007.3,42240017.74,1214
42360025.7,42360041.52,42360017.23,42360025.6,1738
42480022.65,42480038.46,42480015.13,42480023.01,1476
42600025.3,42600024.82,42600019.92,42600024.61,1262
42720014.85,42720020.13,42720006.7,42720013.24,1340
42840014.35,42840019.15,42840006.49,42840016.07,1953
42960012.52,42960018.2,42960009.95,42960011.57,883
43080013.28,43080015.98,43079998.87,43080013.64,1070
43200007.7,43200024.69,43199997.62,43200005.34,1043
43320012.08,43320022.22,43319994.7,43320011.05,1187
43440026.24,43440032.58,43440009.47,43440026.23,1013
43560026.52,43560033.33,43560021.15,43560026.5,1617
43680028.3,43680038.35,43680016.26,43680029.59,1989
43800035.48,43800048.32,43800026.86,43800035.57,858
43920031.68,43920042.61,43920014.69,43920034.18,1682
44040034.0,44040052.92,44040030.22,44040034.58,1642
44160033.6,44160044.6,44160021.1,44160035.43,1723
44280036.86,44280055.48,44280023.48,44280035.03,922
44400027.65,44400044.93,44400022.0,44400028.27,1962
44520028.5,44520032.32,44520025.42,44520028.46,1238
44640032.56,44640051.74,44640020.1,44640031.24,1821
44760045.82,44760049.97,44760032.87,44760049.66,1361
44880057.5,44880073.58,44880050.92,44880058.53,917
45000076.85,45000086.38,45000065.87,45000078.37,1704
45120071.02,45120088.65,45120063.19,45120069.99,1194
45240078.45,45240097.18,45240065.55,45240080.16,1675
45360083.64,45360097.77,45360077.67,45360081.74,1734
45480104.46,45480119.35,45480085.74,45480103.9,1901
45600095.57,45600101.56,45600089.72,45600095.66,1751
45720088.33,45720088.69,45720079.71,45720087.57,874
45840080.23,45840089.13,45840079.91,45840082.52,1094
45960060.38,45960063.31,45960057.6,45960060.4,820
46080054.78,46080068.48,46080044.26,46080053.53,1994
46200047.25,46200053.91,46200041.63,46200048.35,1838
46320049.76,46320068.0,46320031.78,46320050.13,1359
46440052.64,46440064.73,46440051.61,46440055.06,1909
46560070.96,46560087.12,46560063.09,46560069.55,1972
46680078.52,46680082.82,46680073.43,46680080.42,1171
46800073.44,46800091.64,46800074.02,46800072.32,1617
46920065.3,46920083.88,46920062.93,46920065.97,1974
47040070.43,47040080.08,47040062.07,47040069.79,1964
47160056.01,47160069.26,47160047.28,47160059.06,1892
47280077.86,47280090.75,47280067.37,47280074.68,1645
47400088.76,47400090.74,47400076.63,47400085.56,1320
47520083.16,47520092.61,47520070.65,47520082.08,1170
47640065.49,47640073.4,47640065.22,47640063.45,900
47760078.75,47760081.89,47760069.68,47760079.71,1460
47880076.86,47880085.17,47880058.55,47880075.75,1767
48000090.27,48000091.56,48000079.81,48000090.22,1042
48120074.51,48120074.77,48120060.7,48120072.17,1552
48240067.01,48240070.96,48240062.02,48240067.94,1311
48360068.64,48360087.57,48360052.83,48360069.95,1648
48480068.62,48480079.77,48480053.32,48480069.14,1354
48600062.37,48600083.59,48600053.85,48600063.41,1918
48720069.65,48720079.16,48720050.99,48720070.48,1025
48840059.42,48840066.07,48840057.32,48840059.85,1013
48960060.29,48960068.53,48960058.07,48960058.88,1517
49080060.17,49080068.4,49080044.21,49080058.24,866
49200063.42,49200066.87,49200048.61,49200065.35,1195
49320072.36,49320084.69,49320069.47,49320069.17,1411
49440059.08,49440064.94,49440055.31,49440059.99,1835
49560046.37,49560057.67,49560044.93,49560044.79,1569
49680057.59,49680071.06,49680052.19,49680058.69,1206
49800061.29,49800064.42,49800045.92,49800061.4,1724
49920055.22,49920055.12,49920043.54,49920052.49,1446
50040068.12,50040085.02,50040062.45,50040068.42,1021
50160069.17,50160079.76,50160063.13,50160070.76,1979
50280081.78,50280083.52,50280082.33,50280082.28,1453
50400084.07,50400102.93,50400077.04,50400082.45,1227
50520102.12,50520104.8,50520090.71,50520103.16,1981
50640118.36,50640135.1,50640101.71,50640121.89,1776
50760118.25,50760138.38,50760101.76,50760118.19,1805
50880128.97,50880133.2,50880127.95,50880128.33,1170
51000136.07,51000137.72,51000116.9,51000137.04,1649
51120148.1,51120150.99,51120132.9,51120147.14,1655
51240138.5,51240144.98,51240123.3,51240137.06,1028
51360146.93,51360147.79,51360136.61,51360146.56,1079
51480154.49,51480170.2,51480148.4,51480155.68,1870
51600138.38,51600140.01,51600132.71,51600138.45,1774
51720127.13,51720137.12,51720125.62,51720126.16,1557
51840106.99,51840126.48,51840101.98,51840106.28,1847
51960103.34,51960120.13,51960098.92,51960105.45,1120
52080111.06,52080123.33,52080101.34,52080111.83,1073
52200123.56,52200132.17,52200111.1,52200126.91,1355
52320126.13,52320139.27,52320117.31,52320125.37,1643
52440143.53,52440153.62,52440141.92,52440141.93,1467
52560128.29,52560137.8,52560110.12,52560126.44,1799
52680112.3,52680114.86,52680093.39,52680111.43,1179
52800112.13,52800129.42,52800095.98,52800112.64,1510
52920115.18,52920124.52,52920095.7,52920116.04,1545
53040115.37,53040119.09,53040104.31,53040114.98,1474
53160093.56,53160101.88,53160075.27,53160094.5,915
53280093.43,53280101.92,53280092.12,53280092.95,1404
53400081.2,53400097.14,53400073.28,53400080.79,1865
53520087.44,53520101.96,53520082.78,53520088.05,1178
53640090.37,53640106.34,53640087.04,53640089.34,1265
53760081.78,53760081.77,53760078.74,53760081.85,1079
53880077.13,53880084.74,53880063.97,53880077.35,1417
54000063.77,54000075.45,54000050.2,54000065.41,917
54120066.35,54120065.58,54120053.63,54120065.9,1108
54240074.41,54240079.94,54240071.81,54240077.56,899
54360065.32,54360080.1,54360048.67,54360064.79,1060
54480071.13,54480072.67,54480057.21,54480070.32,1792
54600063.26,54600075.33,54600056.86,54600063.89,1085
54720055.99,54720061.0,54720043.22,54720056.88,1127
54840055.34,54840055.87,54840050.43,54840056.09,1926
54960044.49,54960050.1,54960038.37,54960045.47,862
55080041.47,55080059.26,55080021.39,55080038.72,1486
55200026.9,55200043.79,55200021.95,55200027.97,1537
55320046.85,55320066.6,55320038.01,55320048.87,1830
55440047.97,55440057.52,55440029.96,55440048.21,1438
55560039.56,55560042.96,55560026.61,55560041.73,1735
55680042.51,55680053.86,55680041.66,55680042.67,1915
55800042.1,55800050.87,55800038.83,55800042.53,1275
55920039.24,55920056.46,55920039.41,55920039.85,852
56040045.62,56040047.67,56040033.09,56040044.76,1553
56160052.76,56160063.05,56160044.33,56160053.61,1285
56280046.47,56280050.98,56280045.3,56280046.99,1935
56400042.55,56400048.72,56400023.07,56400041.59,1208
56520041.23,56520054.22,56520028.88,56520039.66,1830
56640016.47,56640025.97,56640011.62,56640016.75,1467
56760001.53,56760008.82,56759991.29,56760000.11,1634
56880015.66,56880022.86,56880001.38,56880016.02,1675
57000030.15,57000040.61,57000029.9,57000031.99,1166
57120030.63,57120044.63,57120023.44,57120028.23,1801
57240034.9,57240052.54,57240018.56,57240033.16,1049
57360039.44,57360056.92,57360028.62,57360037.66,1179
57480067.86,57480084.34,57480057.67,57480068.15,1671
57600081.61,57600086.1,57600071.14,57600079.91,1634
57720079.29,57720092.28,57720077.64,57720078.15,1574
57840069.51,57840077.71,57840065.64,57840066.95,1718
57960053.13,57960057.99,57960043.98,57960052.51,1254
58080054.68,58080071.75,58080050.74,58080054.62,1165
58200048.57,58200048.13,58200046.37,58200048.0,1202
58320033.28,58320051.18,58320016.27,58320032.44,857
58440024.71,58440035.91,58440007.05,58440028.36,1320
58560014.74,58560028.61,58560000.0,58560013.95,1938
58680032.55,58680045.92,58680015.66,58680034.04,1009
58800041.86,58800059.45,58800036.71,58800041.32,1864
58920041.41,58920054.2,58920022.26,58920042.33,1615
59040057.49,59040068.55,59040052.33,59040056.35,972
59160055.09,59160058.38,59160038.01,59160058.18,1033
59280048.57,59280058.8,59280028.53,59280048.04,1592
59400061.84,59400066.66,59400049.43,59400062.56,1592
59520069.81,59520083.8,59520049.43,59520070.47,1862
59640058.58,59640068.92,59640047.29,59640058.56,918
59760057.19,59760070.38,59760051.58,59760057.0,1134
59880047.15,59880048.85,59880039.28,59880049.25,1897
60000035.47,60000035.89,60000022.32,60000033.16,1123
60120044.49,60120057.78,60120041.99,60120044.05,1810
60240063.13,60240063.99,60240050.1,60240061.96,1970
60360048.43,60360049.99,60360028.94,60360048.43,1083
60480054.77,60480054.43,60480050.39,60480054.26,1012
60600046.98,60600066.81,60600031.83,60600046.18,1728
60720043.67,60720057.56,60720024.65,60720042.03,1551
60840038.54,60840043.95,60840018.01,60840038.24,1138
60960029.32,60960034.18,60960009.05,60960029.13,1845
61080028.0,61080035.73,61080018.3,61080028.67,904
61200020.79,61200035.92,61200000.88,61200020.67,1569
61320021.84,61320036.36,61320007.98,61320022.83,1515
61440023.2,61440026.33,61440019.39,61440023.98,1562
61560020.69,61560023.72,61560010.7,61560020.04,1178
61680009.29,61680013.13,61679996.79,61680011.39,1512
61800004.23,61800018.6,61800000.45,61800006.54,1024
61920012.66,61920028.23,61920000.14,61920012.17,1537
62040017.66,62040023.26,62040004.62,62040019.52,1035
62160006.97,62160008.6,62160004.93,62160006.65,982
62280009.56,62280010.82,62279997.87,62280010.8,1511
62400016.94,62400036.05,62400001.26,62400016.32,1243
62519999.8,62520005.9,62519990.02,62519999.75,1422
62640004.67,62640020.81,62640005.19,62640003.54,1829
62759999.85,62760011.29,62759998.62,62759998.35,1950
62880006.16,62880012.15,62879997.37,62880003.47,1927
62999996.39,63000000.99,62999978.35,62999996.27,1548
63119978.21,63119981.25,63119974.25,63119978.69,954
63239963.04,63239974.85,63239949.86,63239963.51,1056
63359962.67,63359978.52,63359958.59,63359963.24,1034
63479965.49,63479978.51,63479959.2,63479965.94,1299
63599957.33,63599967.19,63599939.62,63599955.49,1088
63719961.06,63719963.81,63719948.39,63719962.09,1309
63839947.67,63839965.73,63839944.45,63839948.16,1508
63959945.77,63959961.67,63959937.12,63959944.96,1584
64079933.17,64079939.44,64079933.0,64079935.24,1693
64199926.98,64199946.67,64199917.45,64199926.82,1575
64319927.5,64319939.58,64319914.29,64319927.54,1097
64439917.21,64439930.59,64439916.57,64439920.01,936
64559916.59,64559930.05,64559909.31,64559916.36,1175
64679925.2,64679941.39,64679917.2,64679925.04,886
64799919.83,64799932.51,64799900.99,64799919.0,1236
64919928.69,64919930.3,64919907.88,64919927.69,1563
65039915.42,65039923.21,65039915.55,65039916.78,1501
65159922.22,65159940.3,65159906.52,65159922.63,1741
65279935.89,65279940.65,65279928.72,65279936.16,951
65399912.29,65399918.89,65399903.59,65399912.06,1831
65519901.35,65519912.12,65519888.39,65519905.11,1606
65639909.15,65639918.03,65639890.88,65639909.63,1034
65759906.61,65759919.47,65759888.2,65759907.53,1474
65879911.36,65879929.79,65879899.38,65879909.41,1360
65999905.36,65999909.7,65999897.74,65999902.25,837
66119905.04,66119908.18,66119890.0,66119906.14,1959
66239903.48,66239908.14,66239899.17,66239904.1,1621
66359915.76,66359933.61,66359904.59,66359915.36,1220
66479917.52,66479931.33,66479911.24,66479918.66,1147
66599922.63,66599927.51,66599908.66,66599921.73,1902
66719917.3,66719933.99,66719912.87,66719918.8,1547
66839909.89,66839930.03,66839908.97,66839912.88,1072
66959908.1,66959925.4,66959890.11,66959907.73,1984
67079911.38,67079930.8,67079910.38,67079913.41,1107
67199906.58,67199913.25,67199898.09,67199907.99,1775
67319909.87,67319926.21,67319906.69,67319911.63,1532
67439931.97,67439941.07,67439931.08,67439931.38,1832
67559941.9,67559957.41,67559939.85,67559939.92,1243
67679937.62,67679951.88,67679933.81,67679937.39,1936
67799948.72,67799964.85,67799931.99,67799949.33,1204
67919945.7,67919958.36,67919939.59,67919945.72,1652
68039924.4,68039928.41,68039905.85,68039924.59,1577
68159914.08,68159925.68,68159903.15,68159912.94,914
68279894.92,68279915.76,68279887.34,68279895.64,1944
68399890.8,68399911.3,68399880.95,68399893.35,864
68519892.35,68519893.6,68519882.41,68519892.44,1624
68639909.66,68639912.8,68639894.33,68639909.26,1038
68759912.68,68759915.41,68759907.12,68759913.76,1101
68879910.17,68879925.1,68879903.52,68879909.87,1768
68999917.93,68999935.23,68999900.99,68999917.33,1168
69119897.37,69119901.04,69119877.84,69119896.6,1032
69239897.8,69239909.24,69239881.27,69239898.64,994
69359907.61,69359923.64,69359898.44,69359905.86,1706
69479891.04,69479906.7,69479876.44,69479891.87,1835
69599902.73,69599914.33,69599893.96,69599903.97,1720
69719905.4,69719918.67,69719896.92,69719906.86,1488
69839902.21,69839912.88,69839898.62,69839903.02,976
69959910.02,69959914.99,69959897.22,69959910.86,1016
70079932.26,70079943.05,70079928.03,70079931.41,1834
70199934.55,70199947.34,70199926.94,70199933.85,1429
70319936.57,70319953.52,70319918.95,70319935.54,963
70439930.35,70439944.18,70439927.31,70439930.61,852
70559922.63,70559938.18,70559921.53,70559922.37,1017
70679930.48,70679934.46,70679929.88,70679930.78,1798
70799924.03,70799931.93,70799903.88,70799923.06,1623
70919922.22,70919923.6,70919913.28,70919925.76,1184
71039919.53,71039923.57,71039910.45,71039917.92,855
71159924.32,71159937.96,71159907.21,71159923.01,917
71279928.6,71279946.6,71279910.05,71279926.7,1699
71399936.73,71399939.12,71399930.5,71399937.54,1597
71519932.75,71519940.07,71519918.17,71519932.3,1579
71639931.62,71639945.34,71639913.92,71639930.63,1815
71759918.94,71759923.64,71759906.46,71759917.13,1602
71879913.58,71879926.21,71879912.08,71879912.72,1644
71999917.0,71999933.55,71999901.37,71999918.39,1654
72119927.17,72119938.77,72119915.67,72119927.55,1507
72239915.35,72239920.99,72239911.58,72239915.67,1903
72359925.56,72359933.04,72359917.42,72359922.92,821
72479939.92,72479955.16,72479938.73,72479940.06,1642
72599943.8,72599954.7,72599941.06,72599943.86,1916
72719962.81,72719962.49,72719947.08,72719961.3,991
72839954.87,72839969.87,72839954.65,72839953.66,1818
72959943.48,72959942.91,72959933.87,72959941.23,1926
73079923.46,73079939.33,73079913.97,73079924.53,1195
73199938.7,73199943.43,73199938.28,73199938.75,1830
73319945.15,73319965.08,73319926.46,73319946.41,1439
73439946.19,73439952.72,73439940.84,73439942.51,1818
73559949.06,73559954.7,73559942.08,73559947.31,1366
73679937.36,73679939.89,73679930.83,73679935.78,1030
73799962.55,73799967.48,73799956.76,73799961.11,1673
73919961.48,73919980.19,73919962.63,73919962.12,1373
74039965.42,74039983.68,74039949.17,74039964.55,1039
74159972.53,74159978.38,74159951.67,74159969.15,889
74279976.56,74279984.79,74279971.33,74279975.87,1031
74399979.84,74399992.5,74399964.8,74399978.62,1256
74519968.5,74519987.88,74519955.32,74519972.01,1032
74639974.34,74639986.73,74639957.9,74639974.39,1153
74759992.95,74760001.52,74759985.24,74759994.01,1804
74880007.86,74880015.4,74880001.08,74880005.34,1238
75000022.03,75000036.99,75000016.57,75000020.68,1144
75120018.72,75120018.03,75120003.71,75120018.81,1463
75240009.44,75240020.46,75239991.73,75240008.06,1456
75360007.5,75360013.92,75360003.18,75360007.99,929
75480007.65,75480023.25,75479999.95,75480005.99,940
75600017.32,75600020.17,75600000.27,75600018.83,1214
75720000.54,75720013.15,75719985.25,75720003.25,1916
75840017.93,75840026.3,75839996.98,75840017.1,1425
75960015.88,75960027.95,75960000.01,75960015.38,1083
76080010.79,76080012.13,76080002.97,76080010.84,1022
76200000.29,76200012.31,76199988.9,76199999.14,1543
76319982.13,76319995.39,76319970.94,76319985.52,1262
76439991.32,76440003.61,76439990.82,76439991.78,1963
76559995.04,76560005.2,76559982.24,76559993.63,1156
76679978.95,76679993.76,76679966.04,76679978.66,1846
76799967.46,76799983.38,76799963.93,76799966.1,1658
76919964.92,76919969.31,76919948.3,76919965.35,1464
77039979.35,77039997.11,77039968.93,77039980.26,1814
77159978.2,77159987.98,77159958.97,77159979.46,884
77279963.92,77279964.52,77279962.13,77279962.9,1420
77399960.54,77399961.69,77399955.22,77399958.68,1854
77519960.66,77519964.48,77519945.76,77519958.69,1039
77639929.16,77639946.52,77639924.9,77639930.24,1162
77759931.34,77759944.44,77759916.0,77759930.98,1621
77879927.8,77879943.75,77879912.79,77879928.0,1467
77999935.71,77999945.28,77999932.89,77999933.39,898
78119953.87,78119962.23,78119943.15,78119953.59,846
78239963.96,78239967.64,78239954.51,78239966.89,1638
78359962.23,78359968.57,78359954.62,78359962.5,1221
78479949.08,78479959.62,78479932.28,78479950.88,861
78599977.27,78599978.44,78599960.12,78599977.75,1932
78719977.56,78719981.68,78719963.32,78719977.47,1942
78839978.04,78839989.37,78839963.12,78839977.61,1809
78959978.22,78959991.87,78959967.93,78959976.07,1397
79079979.51,79079999.11,79079960.72,79079979.38,1191
79199977.85,79199996.36,79199963.81,79199978.73,1776
79319971.08,79319984.81,79319957.38,79319971.13,1875
79439965.78,79439974.92,79439949.26,79439967.92,1402
79559967.35,79559978.89,79559960.68,79559966.07,1136
79679962.17,79679976.44,79679944.59,79679959.84,1609
79799953.37,79799955.97,79799949.7,79799954.6,1551
79919954.71,79919962.87,79919947.76,79919954.38,1959
80039951.21,80039968.91,80039945.41,80039952.88,1680
80159968.33,80159974.83,80159947.59,80159966.87,1434
80279941.31,80279952.09,80279923.52,80279940.59,1053
80399953.5,80399963.32,80399937.54,80399952.06,1937
80519963.15,80519967.71,80519949.48,80519964.31,819
80639942.91,80639950.53,80639932.05,80639941.29,1327
80759940.09,80759946.55,80759920.92,80759938.74,1968
80879936.8,80879936.67,80879926.22,80879937.08,1175
80999921.86,80999922.56,80999914.46,80999921.94,965
81119913.42,81119930.93,81119911.03,81119913.77,1660
81239904.07,81239908.65,81239887.47,81239901.83,1416
81359921.43,81359931.07,81359906.02,81359919.63,1411
81479929.15,81479936.04,81479922.38,81479928.05,1302
81599944.14,81599961.6,81599942.28,81599942.68,1712
81719951.17,81719955.19,81719933.22,81719949.4,878
81839938.85,81839947.3,81839938.48,81839937.74,1384
81959933.55,81959950.92,81959919.39,81959933.4,1487
82079938.91,82079955.2,82079918.95,82079938.72,1195
82199925.28,82199929.86,82199917.38,82199928.23,1926
82319933.3,82319949.32,82319928.57,82319931.76,1201
82439928.71,82439940.03,82439916.77,82439932.02,1774
82559927.99,82559936.78,82559910.77,82559928.09,1023
82679932.66,82679936.9,82679923.3,82679933.45,1317
82799940.17,82799940.28,82799919.33,82799938.87,1433
82919934.73,82919949.62,82919934.03,82919934.6,1035
83039946.44,83039956.58,83039936.56,83039946.84,915
83159935.21,83159944.58,83159921.47,83159937.35,1986
83279941.71,83279956.59,83279924.75,83279942.61,1025
83399949.35,83399963.24,83399944.35,83399948.44,1029
83519942.35,83519948.01,83519928.84,83519944.41,981
83639949.38,83639960.3,83639937.04,83639946.61,1009
83759935.93,83759938.29,83759927.66,83759935.38,895
83879943.62,83879959.85,83879942.19,83879946.03,1693
83999941.9,83999956.12,83999925.67,83999941.45,1555
84119939.43,84119956.88,84119934.61,84119936.7,1909
84239947.3,84239949.62,84239942.05,84239948.37,1214
84359940.04,84359942.34,84359935.4,84359940.21,1193
84479928.25,84479932.76,84479909.68,84479926.32,1495
84599911.89,84599916.78,84599898.09,84599911.12,1643
84719916.67,84719922.55,84719901.67,84719916.24,1403
84839905.02,84839922.93,84839899.79,84839903.83,1381
84959921.32,84959927.34,84959909.85,84959923.05,932
85079902.63,85079906.97,85079890.1,85079900.22,1590
85199919.56,85199933.68,85199901.84,85199916.9,1448
85319921.14,85319929.6,85319902.48,85319919.98,1020
85439920.0,85439935.17,85439919.4,85439920.37,1775
85559915.95,85559915.5,85559900.71,85559913.99,1869
85679918.18,85679927.93,85679917.14,85679917.72,1587
85799916.62,85799918.48,85799906.83,85799917.85,1490
85919929.29,85919930.09,85919923.09,85919927.09,838
86039932.07,86039948.11,86039923.84,86039930.47,1489
86159930.47,86159934.27,86159924.42,86159931.87,961
86279927.49,86279938.5,86279915.42,86279927.44,1927
86399927.69,86399935.5,86399920.6,86399928.28,960
86519930.3,86519937.3,86519915.7,86519929.23,1877
86639912.27,86639931.25,86639905.16,86639914.38,1857
86759900.89,86759900.21,86759898.4,86759899.93,1041
86879909.52,86879920.48,86879891.53,86879906.87,1766
86999909.11,86999928.18,86999903.2,86999908.89,1689
87119906.17,87119918.28,87119898.42,87119906.97,912
87239905.71,87239925.99,87239893.55,87239908.48,1813
87359910.99,87359911.78,87359904.08,87359909.66,1117
87479906.44,87479913.71,87479904.2,87479904.57,822
87599898.03,87599902.76,87599890.07,87599898.59,1623
87719899.51,87719914.13,87719880.62,87719898.92,1941
87839889.14,87839909.35,87839876.89,87839890.63,1500
87959892.72,87959898.94,87959880.38,87959895.51,1818
88079877.62,88079889.87,88079864.14,88079876.38,1936
88199887.99,88199891.04,88199883.1,88199887.76,1867
88319890.26,88319903.11,88319883.44,88319890.65,927
88439895.95,88439903.64,88439879.34,88439895.12,1675
88559904.76,88559923.63,88559902.16,88559904.39,957
88679922.24,88679933.01,88679915.29,88679921.32,1626
88799929.65,88799937.98,88799925.46,88799930.34,1651
88919911.21,88919914.86,88919903.94,88919910.92,1311
89039899.63,89039902.81,89039880.18,89039900.29,844
89159894.04,89159898.04,89159892.18,89159891.47,1931
89279895.59,89279898.81,89279883.42,89279893.48,1018
89399899.68,89399915.98,89399895.38,89399899.91,1242
89519891.47,89519902.94,89519872.3,89519891.91,1114
89639892.56,89639904.05,89639891.32,89639895.53,976
89759887.26,89759888.32,89759877.96,89759887.05,1027
89879878.95,89879897.12,89879865.16,89879879.26,1066
89999867.48,89999880.3,89999851.76,89999865.87,1669
90119856.33,90119857.97,90119848.16,90119856.57,1637
90239844.69,90239857.25,90239836.17,90239841.52,1288
90359834.02,90359844.21,90359825.39,90359832.4,1501
90479843.74,90479845.51,90479838.59,90479843.31,1486
90599833.86,90599843.55,90599830.27,90599832.35,1795
90719860.36,90719870.4,90719851.04,90719860.75,1156
90839866.07,90839868.95,90839860.27,90839865.39,1671
90959867.56,90959886.4,90959861.74,90959865.81,1003
91079858.31,91079875.9,91079845.77,91079859.31,1351
91199865.74,91199879.29,91199846.54,91199866.62,1122
91319860.23,91319869.4,91319848.08,91319860.38,1393
91439859.24,91439869.61,91439859.83,91439861.05,980
91559887.43,91559899.99,91559885.46,91559887.56,1298
91679885.03,91679896.92,91679866.98,91679886.69,882
91799896.35,91799898.75,91799891.56,91799897.81,1102
91919888.78,91919900.72,91919888.63,91919889.65,1061
92039888.33,92039906.25,92039878.14,92039890.4,1583
92159906.47,92159917.01,92159895.36,92159909.02,1713
92279900.85,92279902.6,92279888.59,92279900.96,1491
92399921.64,92399935.41,92399914.34,92399921.78,1743
92519926.24,92519930.79,92519926.46,92519926.24,1482
92639921.31,92639926.31,92639901.84,92639921.17,1488
92759927.86,92759930.76,92759922.44,92759926.79,1195
92879937.32,92879943.79,92879923.67,92879937.41,1961
92999943.33,92999958.54,92999929.27,92999941.66,1638
93119926.51,93119938.09,93119915.5,93119927.16,1677
93239921.88,93239924.53,93239914.17,93239919.34,1622
93359919.76,93359935.51,93359912.53,93359918.09,1952
93479915.53,93479934.8,93479905.26,93479918.21,848
93599922.39,93599940.83,93599906.1,93599924.06,1588
93719924.92,93719929.97,93719906.26,93719922.82,1092
93839910.88,93839920.87,93839909.72,93839913.88,1335
93959916.15,93959935.34,93959912.55,93959915.94,1110
94079921.02,94079937.19,94079902.85,94079920.97,1336
94199929.51,94199927.89,94199912.62,94199927.5,1438
94319939.35,94319939.46,94319920.5,94319938.33,1033
94439946.71,94439955.77,94439942.44,94439945.83,1404
94559952.11,94559969.27,94559939.33,94559951.28,893
94679951.49,94679961.16,94679936.36,94679949.78,1126
94799933.21,94799943.73,94799920.17,94799933.37,1024
94919937.26,94919940.18,94919929.91,94919937.39,1766
95039940.23,95039953.28,95039939.84,95039938.72,1689
95159943.73,95159959.31,95159931.21,95159943.01,810
95279930.24,95279937.7,95279925.03,95279930.68,1835
95399917.71,95399934.8,95399910.28,95399919.8,834
95519929.01,95519949.11,95519910.67,95519930.64,1246
95639929.35,95639933.5,95639921.44,95639929.75,1240
95759936.16,95759946.7,95759919.44,95759935.7,1452
95879938.49,95879942.26,95879932.75,95879937.36,1394
95999935.43,95999952.67,95999923.37,95999935.46,1028
96119946.71,96119957.75,96119926.66,96119945.3,1143
96239942.53,96239953.73,96239939.0,96239940.08,1903
96359944.27,96359957.96,96359941.83,96359943.08,1788
96479936.97,96479945.3,96479928.71,96479938.32,1951
96599933.52,96599951.34,96599931.18,96599933.52,1708
96719930.51,96719940.6,96719914.97,96719931.01,1326
96839932.36,96839935.32,96839913.87,96839931.28,874
96959927.28,96959941.29,96959918.7,96959927.72,995
97079940.37,97079955.8,97079934.76,97079939.81,828
97199928.45,97199937.32,97199922.3,97199931.83,1505
97319929.8,97319946.26,97319914.65,97319929.0,1820
97439924.85,97439942.84,97439924.54,97439924.34,815
97559938.97,97559944.73,97559927.4,97559939.73,1604
97679943.2,97679960.83,97679928.89,97679942.03,1739
97799950.8,97799954.29,97799938.72,97799950.81,1766
97919936.22,97919940.66,97919931.78,97919936.56,1900
98039941.28,98039942.97,98039925.01,98039938.23,1028
98159947.35,98159966.07,98159946.36,98159945.69,1761
98279948.46,98279962.09,98279945.02,98279949.21,1514
98399959.52,98399962.71,98399942.11,98399960.27,1783
98519955.33,98519963.3,98519939.72,98519954.75,1372
98639968.79,98639980.89,98639968.31,98639966.63,1414
98759990.28,98759993.24,98759986.61,98759991.22,1125
98879987.41,98880005.59,98879983.66,98879985.73,1674
98999982.88,98999999.56,98999978.07,98999984.86,1158
99119997.95,99120008.13,99119993.07,99119996.94,1123
99240014.25,99240033.16,99240012.57,99240015.07,964
99360009.01,99360016.95,99359999.41,99360009.54,1597
99480002.61,99480024.07,99479989.73,99480003.49,1254
99600002.64,99600014.93,99599989.44,99600000.44,1976
99719988.38,99720000.82,99719974.67,99719988.48,1950
99839980.32,99839982.26,99839977.32,99839978.1,992
99959969.34,99959986.54,99959949.87,99959969.0,1426
100079962.32,100079969.77,100079944.45,100079960.74,1329
100199961.34,100199964.12,100199944.77,100199959.09,1833
100319964.56,100319963.47,100319946.76,100319960.99,891
100439979.24,100439989.92,100439960.07,100439978.95,938
100559968.64,100559979.29,100559957.85,100559968.18,1280
100679980.85,100679992.97,100679974.58,100679978.03,1248
100799977.33,100799994.25,100799964.11,100799977.14,1668
100919976.52,100919977.53,100919961.09,100919977.12,1139
101039981.42,101039997.32,101039967.94,101039982.42,1875
101159970.18,101159975.22,101159961.04,101159971.13,1265
101279975.58,101279992.45,101279973.92,101279975.79,1517
101399977.1,101399993.34,101399969.53,101399975.6,1598
101519981.27,101519992.7,101519963.47,101519982.1,1274
101639984.91,101639998.98,101639973.08,101639985.32,1200
101760010.91,101760015.61,101759998.56,101760010.01,1404
101880003.64,101880012.37,101879997.57,101880001.01,1731
101999996.5,102000014.07,101999990.27,101999996.88,1796
102119991.29,102120000.59,102119973.5,102119990.53,1721
102239985.05,102239993.01,102239972.52,102239985.95,1620
102359979.09,102359989.36,102359963.73,102359979.96,1456
102479990.95,102480007.93,102479982.28,102479992.86,1397
102600005.1,102600012.28,102599992.97,102600005.08,1976
102719998.61,102720003.34,102719994.9,102719999.37,1313
102839991.41,102840005.78,102839977.43,102839992.69,1829
102959995.7,102960012.78,102959987.7,102959996.55,1299
103079987.8,103079992.75,103079981.88,103079992.0,1516
103199999.12,103200001.86,103199984.08,103199997.35,1941
103320000.18,103320001.93,103319980.37,103319997.94,1400
103439983.56,103439990.89,103439982.65,103439982.6,1465
103559999.43,103560008.42,103559982.92,103559997.86,1267
103680016.2,103680032.35,103680011.52,103680018.03,960
103800012.94,103800024.26,103800002.36,103800012.43,1069
103920009.26,103920019.78,103920006.93,103920009.21,1879
104040010.38,104040017.27,104040004.2,104040011.07,1027
104160014.59,104160030.4,104160003.51,104160014.73,1648
104280020.33,104280029.58,104280019.03,104280019.57,948
104400038.92,104400059.84,104400030.43,104400039.1,1869
104520038.07,104520051.17,104520019.94,104520039.34,1967
104640030.63,104640033.03,104640028.39,104640030.92,1431
104760016.25,104760030.23,104760001.42,104760016.82,1212
104880009.18,104880015.9,104880001.21,104880009.79,1319
105000008.98,105000022.79,104999995.96,105000009.39,1186
105120026.93,105120028.41,105120021.81,105120028.3,1074
105240021.89,105240025.34,105240018.65,105240023.13,1152
105360023.01,105360041.19,105360020.87,105360024.62,1889
105480023.19,105480028.45,105480022.5,105480024.76,1902
105600034.51,105600052.54,105600032.08,105600036.31,1397
105720062.04,105720066.65,105720047.78,105720060.6,1357
105840053.65,105840068.61,105840038.12,105840056.51,912
105960052.02,105960064.74,105960034.58,105960049.47,1914
106080062.69,106080071.56,106080047.6,106080062.36,940
106200067.82,106200074.23,106200065.91,106200066.93,1529
106320083.99,106320090.84,106320080.81,106320086.87,1388
106440092.07,106440093.09,106440086.23,106440091.58,1210
106560088.77,106560094.91,106560083.84,106560089.39,1176
106680093.73,106680107.81,106680084.44,106680094.71,1975
106800105.31,106800124.6,106800095.12,106800104.23,1550
106920115.56,106920131.46,106920106.9,106920114.45,1426
107040119.77,107040134.43,107040112.03,107040118.53,1794
107160128.85,107160145.54,107160113.2,107160130.65,1502
107280139.87,107280154.77,107280125.68,107280141.47,1261
107400154.96,107400160.49,107400149.13,107400155.68,811
107520161.56,107520179.92,107520143.5,107520160.82,1979
107640160.6,107640173.52,107640141.05,107640159.51,1276
107760161.04,107760172.78,107760155.04,107760161.11,1738
107880174.15,107880175.86,107880166.55,107880174.49,1200
108000167.4,108000174.41,108000155.35,108000167.14,1607
108120169.97,108120178.36,108120150.33,108120168.35,976
108240165.17,108240182.51,108240147.69,108240166.3,856
108360165.32,108360176.44,108360163.46,108360163.34,1247
108480177.94,108480185.9,108480170.44,108480177.1,1002
108600181.38,108600199.74,108600169.14,108600179.24,1537
108720180.04,108720182.88,108720170.6,108720179.31,1001
108840167.11,108840175.52,108840163.19,108840165.49,1162
108960174.58,108960175.37,108960157.36,108960174.94,1691
109080180.48,109080195.78,109080167.45,109080180.77,1253
109200201.25,109200220.98,109200185.86,109200203.0,1155
109320199.86,109320205.14,109320182.37,109320200.23,1015
109440201.67,109440218.9,109440186.77,109440202.0,1771
109560204.73,109560210.07,109560195.44,109560204.88,1354
109680219.47,109680238.22,109680207.79,109680219.93,1686
109800220.27,109800234.13,109800215.84,109800217.86,822
109920220.96,109920237.94,109920208.37,109920222.9,954
110040229.63,110040228.28,110040224.33,110040227.33,1048
110160228.04,110160249.04,110160215.9,110160228.85,1548
110280225.75,110280239.85,110280220.73,110280225.14,1604
110400227.74,110400233.35,110400224.91,110400226.35,933
110520237.2,110520254.58,110520234.69,110520237.58,1120
110640228.16,110640233.36,110640227.69,110640228.07,1189
110760230.34,110760246.52,110760214.69,110760229.41,1233
110880219.84,110880224.31,110880207.41,110880221.16,1845
111000234.51,111000248.08,111000223.71,111000233.52,1672
111120216.28,111120229.59,111120215.55,111120219.85,1948
111240212.22,111240215.12,111240211.52,111240213.69,1902
111360218.59,111360221.8,111360216.58,111360219.04,1657
111480232.03,111480232.86,111480229.3,111480233.8,850
111600230.78,111600241.33,111600214.14,111600233.1,975
111720226.21,111720232.43,111720221.58,111720225.02,1669
111840247.29,111840257.19,111840238.13,111840245.98,1052
111960228.91,111960236.68,111960228.63,111960230.68,1765
112080207.7,112080214.75,112080204.3,112080208.2,1538
112200214.65,112200228.01,112200202.77,112200213.32,1929
112320209.99,112320209.09,112320195.97,112320209.07,1101
112440197.81,112440215.98,112440193.01,112440198.42,1347
112560203.76,112560222.05,112560203.85,112560204.12,1515
112680209.53,112680220.79,112680199.62,112680208.18,1578
112800203.39,112800213.66,112800197.11,112800201.16,1067
112920189.67,112920206.84,112920184.6,112920189.21,1993
113040196.91,113040201.43,113040178.52,113040197.42,1809
113160204.17,113160205.8,113160191.9,113160204.0,1350
113280203.07,113280208.02,113280192.09,113280204.0,1964
113400222.03,113400237.59,113400213.38,113400220.66,1969
113520212.45,113520211.69,113520202.42,113520212.94,1113
113640196.62,113640207.4,113640184.92,113640193.92,983
113760187.74,113760208.73,113760174.89,113760188.22,1512
113880189.74,113880205.48,113880174.32,113880188.74,927
114000191.11,114000201.23,114000187.36,114000191.38,1499
114120189.07,114120189.66,114120178.38,114120188.29,1185
114240193.37,114240208.53,114240183.67,114240191.85,1070
114360178.28,114360191.37,114360161.98,114360179.8,1610
114480193.79,114480196.13,114480181.2,114480193.6,1214
114600192.48,114600194.88,114600182.36,114600194.4,997
114720202.61,114720222.37,114720201.87,114720205.02,1879
114840207.95,114840220.99,114840195.49,114840208.48,1630
114960214.69,114960228.76,114960209.83,114960211.21,1427
115080216.03,115080235.45,115080211.13,115080217.79,1403
115200222.32,115200233.79,115200219.49,115200222.05,1961
115320229.42,115320239.13,115320214.94,115320227.77,1880
115440242.19,115440250.68,115440237.94,115440242.43,1809
115560243.92,115560250.37,115560236.2,115560243.5,870
115680249.82,115680259.82,115680233.21,115680251.78,1710
115800250.46,115800265.7,115800246.14,115800249.16,1393
115920263.87,115920276.67,115920254.47,115920266.35,1399
116040255.67,116040275.71,116040249.48,116040256.97,1313
116160277.07,116160284.74,116160275.51,116160276.09,883
116280276.43,116280287.61,116280259.62,116280276.26,1793
116400261.22,116400273.79,116400259.78,116400260.59,1866
116520262.67,116520274.28,116520252.96,116520263.3,1638
116640256.71,116640269.69,116640244.42,116640254.41,1405
116760264.27,116760268.79,116760251.47,116760265.49,1609
116880258.42,116880267.76,116880243.74,116880257.53,932
117000252.76,117000255.14,117000247.99,117000252.46,1888
117120235.47,117120241.85,117120233.96,117120233.86,1089
117240229.96,117240239.39,117240215.17,117240230.44,1175
117360205.59,117360218.44,117360194.68,117360204.81,1568
117480188.29,117480208.57,117480172.83,117480188.81,1266
117600197.45,117600209.17,117600180.73,117600196.94,1971
117720204.19,117720219.89,117720188.15,117720203.84,1270
117840208.64,117840219.4,117840199.57,117840211.09,948
117960198.79,117960212.29,117960192.93,117960199.04,887
118080198.06,118080200.55,118080183.3,118080199.96,1195
118200201.22,118200204.18,118200190.06,118200199.3,1589
118320188.84,118320194.74,118320183.84,118320186.52,1905
118440204.46,118440211.99,118440185.44,118440202.53,1664
118560210.09,118560212.23,118560193.66,118560212.1,823
118680209.18,118680211.91,118680199.78,118680208.92,1755
118800208.08,118800214.91,118800207.86,118800210.57,1110
118920210.76,118920230.89,118920203.7,118920212.48,1463
119040190.12,119040197.67,119040174.97,119040191.96,1237
119160189.81,119160198.21,119160170.53,119160188.11,1505
119280181.35,119280185.67,119280177.68,119280180.67,1221
119400172.8,119400183.95,119400170.39,119400171.12,1120
119520169.53,119520174.53,119520151.37,119520169.12,1386
119640189.2,119640191.04,119640179.11,119640187.44,1746
119760191.83,119760203.64,119760182.47,119760191.13,1986
119880188.85,119880187.7,119880168.23,119880187.59,1988
120000194.47,120000193.47,120000191.99,120000193.48,1648
